generation,fitness,distanceFromTarget
1,0.24,33.47736
2,0.5599998,25.92395
3,0.28,30.51518
4,0.29,29.42789
5,7.492615,34.1057
6,0.4299999,22.06894
7,0.7799996,33.10709
8,0.7199996,29.44985
9,4.57001,41.62915
10,17.12276,29.18062
11,34.66861,20.73271
12,31.66731,22.21335
